{
  "cities": {
    "__readonly__": "This profile is read only and cannot be modified! If you want to make a new profile based on this then you can make a copy to a new name",
    "cityLevel3Height": 99,
    "cityLevel4Height": 107,
    "cityMinRadius": 30,
    "cityAvoidVoid": true,
    "cityLevel1Height": 83,
    "cityMaxRadius": 80,
    "cityStyleThreshold": -1.0,
    "cityLevel5Height": 115,
    "cityMaxHeight": 150,
    "cityChance": 0.0,
    "cityThreshold": 0.2,
    "cityLevel0Height": 75,
    "cityStyleAlternative": "",
    "cityPerlinInnerScale": 0.1,
    "cityMinHeight": 50,
    "cityLevel6Height": 123,
    "cityPerlinOffset": 0.1,
    "cityLevel2Height": 91,
    "oceanCorrectionBorder": 4,
    "cityLevel7Height": 131,
    "cityPerlinScale": 3.0
  },
  "client": {
    "__readonly__": "This profile is read only and cannot be modified! If you want to make a new profile based on this then you can make a copy to a new name",
    "horizon": -1.0,
    "fogDensity": -1.0,
    "fogBlue": -1.0,
    "fogRed": -1.0,
    "fogGreen": -1.0
  },
  "explosions": {
    "__readonly__": "This profile is read only and cannot be modified! If you want to make a new profile based on this then you can make a copy to a new name",
    "explosionMaxRadius": 35,
    "explosionMinRadius": 15,
    "explosionMinHeight": 75,
    "miniExplosionChance": 0.03,
    "miniExplosionMaxHeight": 100,
    "miniExplosionMaxRadius": 12,
    "debrisToNearbyChunkFactor": 200,
    "explosionChance": 0.002,
    "explosionMaxHeight": 90,
    "miniExplosionMinRadius": 5,
    "explosionsInCitiesOnly": true,
    "miniExplosionMinHeight": 60
  },
  "lostcity": {
    "__readonly__": "This profile is read only and cannot be modified! If you want to make a new profile based on this then you can make a copy to a new name",
    "highwaySupports": false,
    "ruinChance": 1.0,
    "groundLevel": 71,
    "railwayStationsEnabled": false,
    "buildingChance": 0.3,
    "parkStreetThreshold": 3,
    "railwaysCanEnd": false,
    "buildingMaxFloorsChance": 6,
    "bedrockLayer": 1,
    "liquidBlock": "minecraft:water",
    "rubbleLayer": true,
    "buildingMinFloors": 0,
    "seaLevel": -1,
    "rubbleDirtScale": 2.0,
    "fountainChance": 0.05,
    "warning": "",
    "highwaySecondaryPerlinScale": 10.0,
    "spawnNotInBuilding": false,
    "bridgeSupports": false,
    "worldStyle": "standard",
    "buildingMaxFloors": 8,
    "avoidFoliage": true,
    "buildingMinCellars": 0,
    "buildingFrontChance": 0.2,
    "baseBlock": "minecraft:stone",
    "ruinMaxlevelPercent": 0.4,
    "spawnBiome": "",
    "avoidWater": true,
    "railwaysEnabled": false,
    "highwayRequiresTwoCities": true,
    "parkBorder": true,
    "editMode": false,
    "spawnCity": "",
    "randomLeafBlockChance": 0.0,
    "rubbleLeaveScale": 0.0,
    "vineChance": 0.0,
    "highwayLevelFromCities": 0,
    "highwayPerlinFactor": 2.0,
    "bridgeChance": 0.7,
    "ruinMinlevelPercent": 0.1,
    "buildingDoorwayChance": 0.6,
    "icon": "",
    "parkElevation": true,
    "description": "Private wasteland for space",
    "spawnSphere": "",
    "forceSpawnInBuilding": false,
    "terrainFixUpperMinOffset": -1,
    "highwayDistanceMask": 0,
    "terrainFixUpperMaxOffset": 1,
    "generateLoot": true,
    "terrainFixLowerMaxOffset": -3,
    "chestWithoutLootChance": 0.2,
    "terrainFixLowerMinOffset": -4,
    "multiUseCorner": false,
    "extraDescription": "",
    "landscapeType": "default",
    "generateLighting": false,
    "generateSpawners": true,
    "buildingMinFloorsChance": 4,
    "buildingWithoutLootChance": 0.2,
    "railwayDungeonChance": 0.01,
    "generateNether": false,
    "parkChance": 0.2,
    "corridorChance": 0.7,
    "randomLeafBlockThickness": 2,
    "buildingMaxCellars": 1,
    "highwayMainPerlinScale": 50.0,
    "scatteredChanceMultiplier": 1.0
  },
  "cityspheres": {
    "__readonly__": "This profile is read only and cannot be modified! If you want to make a new profile based on this then you can make a copy to a new name",
    "citySphereFactor": 1.2,
    "citySphereChance": 0.7,
    "outsideProfile": "",
    "outsideGroundLevel": -1,
    "onlyPredefined": false,
    "citySphereClearBelow": 0,
    "citySphereClearBelowUntilAir": false,
    "monorailOffset": -2,
    "outsideSurfaceVariation": 1.0,
    "monorailChance": 0.8,
    "citySphereClearAbove": 0,
    "citySphereClearAboveUntilAir": false,
    "sphereSurfaceVariation": 1.0
  },
  "public": false
}